epoch,steps,cos_sim-Accuracy@1,cos_sim-Accuracy@3,cos_sim-Accuracy@5,cos_sim-Accuracy@10,cos_sim-Precision@1,cos_sim-Recall@1,cos_sim-Precision@3,cos_sim-Recall@3,cos_sim-Precision@5,cos_sim-Recall@5,cos_sim-Precision@10,cos_sim-Recall@10,cos_sim-MRR@10,cos_sim-NDCG@10,cos_sim-MAP@100,dot_score-Accuracy@1,dot_score-Accuracy@3,dot_score-Accuracy@5,dot_score-Accuracy@10,dot_score-Precision@1,dot_score-Recall@1,dot_score-Precision@3,dot_score-Recall@3,dot_score-Precision@5,dot_score-Recall@5,dot_score-Precision@10,dot_score-Recall@10,dot_score-MRR@10,dot_score-NDCG@10,dot_score-MAP@100
-1,-1,0.6045694200351494,0.7047451669595782,0.7592267135325131,0.8189806678383128,0.6045694200351494,0.6045694200351494,0.23491505565319268,0.7047451669595782,0.15184534270650263,0.7592267135325131,0.08189806678383127,0.8189806678383128,0.6701327865651239,0.7056794206527218,0.6747949412712265,0.6045694200351494,0.7047451669595782,0.7592267135325131,0.8189806678383128,0.6045694200351494,0.6045694200351494,0.23491505565319268,0.7047451669595782,0.15184534270650263,0.7592267135325131,0.08189806678383127,0.8189806678383128,0.6701327865651239,0.7056794206527218,0.6747949412712265
