epoch,steps,cos_sim-Accuracy@1,cos_sim-Accuracy@3,cos_sim-Accuracy@5,cos_sim-Accuracy@10,cos_sim-Precision@1,cos_sim-Recall@1,cos_sim-Precision@3,cos_sim-Recall@3,cos_sim-Precision@5,cos_sim-Recall@5,cos_sim-Precision@10,cos_sim-Recall@10,cos_sim-MRR@10,cos_sim-NDCG@10,cos_sim-MAP@100,dot_score-Accuracy@1,dot_score-Accuracy@3,dot_score-Accuracy@5,dot_score-Accuracy@10,dot_score-Precision@1,dot_score-Recall@1,dot_score-Precision@3,dot_score-Recall@3,dot_score-Precision@5,dot_score-Recall@5,dot_score-Precision@10,dot_score-Recall@10,dot_score-MRR@10,dot_score-NDCG@10,dot_score-MAP@100
-1,-1,0.7704918032786885,0.8524590163934426,0.8688524590163934,0.9016393442622951,0.7704918032786885,0.7704918032786885,0.2841530054644808,0.8524590163934426,0.17377049180327864,0.8688524590163934,0.09016393442622948,0.9016393442622951,0.815183450429352,0.836278792446379,0.8209261199446705,0.7704918032786885,0.8524590163934426,0.8688524590163934,0.9016393442622951,0.7704918032786885,0.7704918032786885,0.2841530054644808,0.8524590163934426,0.17377049180327864,0.8688524590163934,0.09016393442622948,0.9016393442622951,0.815183450429352,0.836278792446379,0.8209261199446705
