epoch,steps,cos_sim-Accuracy@1,cos_sim-Accuracy@3,cos_sim-Accuracy@5,cos_sim-Accuracy@10,cos_sim-Precision@1,cos_sim-Recall@1,cos_sim-Precision@3,cos_sim-Recall@3,cos_sim-Precision@5,cos_sim-Recall@5,cos_sim-Precision@10,cos_sim-Recall@10,cos_sim-MRR@10,cos_sim-NDCG@10,cos_sim-MAP@100,dot_score-Accuracy@1,dot_score-Accuracy@3,dot_score-Accuracy@5,dot_score-Accuracy@10,dot_score-Precision@1,dot_score-Recall@1,dot_score-Precision@3,dot_score-Recall@3,dot_score-Precision@5,dot_score-Recall@5,dot_score-Precision@10,dot_score-Recall@10,dot_score-MRR@10,dot_score-NDCG@10,dot_score-MAP@100
-1,-1,0.7521968365553603,0.8330404217926186,0.8611599297012302,0.8892794376098418,0.7521968365553603,0.7521968365553603,0.27768014059753954,0.8330404217926186,0.17223198594024605,0.8611599297012302,0.08892794376098417,0.8892794376098418,0.7990145618880239,0.8209507638647044,0.8020783392295333,0.7521968365553603,0.8330404217926186,0.8611599297012302,0.8892794376098418,0.7521968365553603,0.7521968365553603,0.27768014059753954,0.8330404217926186,0.17223198594024605,0.8611599297012302,0.08892794376098417,0.8892794376098418,0.7990145618880239,0.8209507638647044,0.8020783392295333
