epoch,steps,cos_sim-Accuracy@1,cos_sim-Accuracy@3,cos_sim-Accuracy@5,cos_sim-Accuracy@10,cos_sim-Precision@1,cos_sim-Recall@1,cos_sim-Precision@3,cos_sim-Recall@3,cos_sim-Precision@5,cos_sim-Recall@5,cos_sim-Precision@10,cos_sim-Recall@10,cos_sim-MRR@10,cos_sim-NDCG@10,cos_sim-MAP@100,dot_score-Accuracy@1,dot_score-Accuracy@3,dot_score-Accuracy@5,dot_score-Accuracy@10,dot_score-Precision@1,dot_score-Recall@1,dot_score-Precision@3,dot_score-Recall@3,dot_score-Precision@5,dot_score-Recall@5,dot_score-Precision@10,dot_score-Recall@10,dot_score-MRR@10,dot_score-NDCG@10,dot_score-MAP@100
-1,-1,0.8852459016393442,0.9508196721311475,0.9672131147540983,0.9672131147540983,0.8852459016393442,0.8852459016393442,0.31693989071038237,0.9508196721311475,0.1934426229508196,0.9672131147540983,0.0967213114754098,0.9672131147540983,0.9213114754098362,0.932960193795416,0.9238946845504222,0.8852459016393442,0.9508196721311475,0.9672131147540983,0.9672131147540983,0.8852459016393442,0.8852459016393442,0.31693989071038237,0.9508196721311475,0.1934426229508196,0.9672131147540983,0.0967213114754098,0.9672131147540983,0.9213114754098362,0.932960193795416,0.9238946845504222
