epoch,steps,cos_sim-Accuracy@1,cos_sim-Accuracy@3,cos_sim-Accuracy@5,cos_sim-Accuracy@10,cos_sim-Precision@1,cos_sim-Recall@1,cos_sim-Precision@3,cos_sim-Recall@3,cos_sim-Precision@5,cos_sim-Recall@5,cos_sim-Precision@10,cos_sim-Recall@10,cos_sim-MRR@10,cos_sim-NDCG@10,cos_sim-MAP@100,dot_score-Accuracy@1,dot_score-Accuracy@3,dot_score-Accuracy@5,dot_score-Accuracy@10,dot_score-Precision@1,dot_score-Recall@1,dot_score-Precision@3,dot_score-Recall@3,dot_score-Precision@5,dot_score-Recall@5,dot_score-Precision@10,dot_score-Recall@10,dot_score-MRR@10,dot_score-NDCG@10,dot_score-MAP@100
-1,-1,0.6203866432337434,0.7381370826010545,0.7609841827768014,0.8154657293497364,0.6203866432337434,0.6203866432337434,0.2460456942003515,0.7381370826010545,0.15219683655536026,0.7609841827768014,0.08154657293497364,0.8154657293497364,0.683892654894412,0.7154791700901507,0.6880311892262375,0.6239015817223199,0.7398945518453427,0.7785588752196837,0.820738137082601,0.6239015817223199,0.6239015817223199,0.24663151728178087,0.7398945518453427,0.1557117750439367,0.7785588752196837,0.0820738137082601,0.820738137082601,0.6900528635590145,0.7217377870769837,0.6943851110571746
