epoch,steps,cos_sim-Accuracy@1,cos_sim-Accuracy@3,cos_sim-Accuracy@5,cos_sim-Accuracy@10,cos_sim-Precision@1,cos_sim-Recall@1,cos_sim-Precision@3,cos_sim-Recall@3,cos_sim-Precision@5,cos_sim-Recall@5,cos_sim-Precision@10,cos_sim-Recall@10,cos_sim-MRR@10,cos_sim-NDCG@10,cos_sim-MAP@100,dot_score-Accuracy@1,dot_score-Accuracy@3,dot_score-Accuracy@5,dot_score-Accuracy@10,dot_score-Precision@1,dot_score-Recall@1,dot_score-Precision@3,dot_score-Recall@3,dot_score-Precision@5,dot_score-Recall@5,dot_score-Precision@10,dot_score-Recall@10,dot_score-MRR@10,dot_score-NDCG@10,dot_score-MAP@100
-1,-1,0.6309314586994728,0.7152899824253075,0.7521968365553603,0.804920913884007,0.6309314586994728,0.6309314586994728,0.23842999414176916,0.7152899824253075,0.15043936731107205,0.7521968365553603,0.0804920913884007,0.804920913884007,0.6838152425586522,0.7126675822418733,0.6887348711307023,0.6133567662565905,0.7117750439367311,0.7521968365553603,0.804920913884007,0.6133567662565905,0.6133567662565905,0.23725834797891038,0.7117750439367311,0.15043936731107205,0.7521968365553603,0.0804920913884007,0.804920913884007,0.6746736128546322,0.7058575117970162,0.6795168860996985
