epoch,steps,cos_sim-Accuracy@1,cos_sim-Accuracy@3,cos_sim-Accuracy@5,cos_sim-Accuracy@10,cos_sim-Precision@1,cos_sim-Recall@1,cos_sim-Precision@3,cos_sim-Recall@3,cos_sim-Precision@5,cos_sim-Recall@5,cos_sim-Precision@10,cos_sim-Recall@10,cos_sim-MRR@10,cos_sim-NDCG@10,cos_sim-MAP@100,dot_score-Accuracy@1,dot_score-Accuracy@3,dot_score-Accuracy@5,dot_score-Accuracy@10,dot_score-Precision@1,dot_score-Recall@1,dot_score-Precision@3,dot_score-Recall@3,dot_score-Precision@5,dot_score-Recall@5,dot_score-Precision@10,dot_score-Recall@10,dot_score-MRR@10,dot_score-NDCG@10,dot_score-MAP@100
-1,-1,0.5764499121265377,0.718804920913884,0.7539543057996485,0.7996485061511424,0.5764499121265377,0.5764499121265377,0.23960164030462797,0.718804920913884,0.1507908611599297,0.7539543057996485,0.07996485061511424,0.7996485061511424,0.6522930789187376,0.6880567734195251,0.6578897047689154,0.5711775043936731,0.7205623901581723,0.7557117750439367,0.7978910369068541,0.5711775043936731,0.5711775043936731,0.2401874633860574,0.7205623901581723,0.15114235500878734,0.7557117750439367,0.07978910369068541,0.7978910369068541,0.6496289787150945,0.6857598711271407,0.6550571560482794
