statement_id,mean,median,mode,std
0,4.0,4.0,4,0.0
1,2.0,2.0,2,0.0
2,2.0,2.0,2,0.0
3,2.0,2.0,2,0.0
4,2.0,2.0,2,0.0
5,1.0,1.0,1,0.0
6,2.0,2.0,2,0.0
7,3.0,3.0,3,0.0
8,2.0,2.0,2,0.0
9,4.0,4.0,4,0.0
10,3.0,3.0,3,0.0
11,2.0,2.0,2,0.0
12,2.0,2.0,2,0.0
13,4.0,4.0,4,0.0
14,4.0,4.0,4,0.0
15,2.0,2.0,2,0.0
16,1.2,1.0,1,0.4216370213557839
17,2.0,2.0,2,0.0
18,2.0,2.0,2,0.0
19,3.0,3.0,3,0.0
20,2.0,2.0,2,0.0
21,2.0,2.0,2,0.0
22,2.0,2.0,2,0.0
23,3.0,3.0,3,0.0
24,2.0,2.0,2,0.0
25,2.0,2.0,2,0.0
26,2.0,2.0,2,0.0
27,1.7,2.0,2,0.48304589153964794
28,3.0,3.0,3,0.0
29,4.0,4.0,4,0.0
30,2.0,2.0,2,0.0
31,1.0,1.0,1,0.0
32,3.0,3.0,3,0.0
33,4.0,4.0,4,0.0
34,2.0,2.0,2,0.0
35,2.0,2.0,2,0.0
36,2.0,2.0,2,0.0
37,2.0,2.0,2,0.0
38,2.0,2.0,2,0.0
39,1.3,1.0,1,0.48304589153964794
40,2.0,2.0,2,0.0
41,1.1,1.0,1,0.31622776601683794
42,1.9,2.0,2,0.31622776601683794
43,2.0,2.0,2,0.0
44,2.0,2.0,2,0.0
45,2.0,2.0,2,0.0
46,2.0,2.0,2,0.0
47,2.0,2.0,2,0.0
48,1.0,1.0,1,0.0
49,2.0,2.0,2,0.0
50,3.0,3.0,3,0.0
51,2.0,2.0,2,0.0
52,2.0,2.0,2,0.0
53,2.0,2.0,2,0.0
54,2.0,2.0,2,0.0
55,2.0,2.0,2,0.0
56,2.0,2.0,2,0.0
57,3.0,3.0,3,0.0
58,3.0,3.0,3,0.0
59,1.0,1.0,1,0.0
60,2.0,2.0,2,0.0
61,2.0,2.0,2,0.0

Economic Left/Right: -5.75
Social Libertarian/Authoritarian: -3.33